[
    {
        "_id" : 1,
        "user_id": 1,
        "category_id": 1,
        "brand_id": 2,
        "model_id": 1,
        "trim_id": 1,
        "fuelType": 1,
        "modelYear" : 2021,
        "country_id": 1,
        "state_id": 1,
        "city_id":1,
        "postStartDateTime": "10 May 2023 09:10:11",
        "postEndDateTime": "10 May 2023 09:10:11",
        "title" :"car title",
        "image": ["image1","image2","image3"],
        "description" :"This is car description for the post.",
        "price" :50000,
        "transmissionType" :"manual",
        "owner" :4,
        "status": true
    }
]